Country,Rank,Score,Incidents,Fatalities,Injuries,Hostages,Year,Terrorist_attacks
Afghanistan,3,9.134264555,507,1511,2612,67,2012,1469
Algeria,14,6.695682208,41,43,135,1,2012,41
Burundi,32,4.735279505,0,0,0,0,2012,4
Belarus,36,4.567116169,0,0,0,0,2012,3
Bangladesh,37,4.453522372,7,5,24,0,2012,18
Bulgaria,42,4.254761596,2,8,32,0,2012,2
Central African Republic,44,4.172716745,1,1,6,0,2012,4
Bahrain,49,3.82137931,10,2,17,0,2012,26
Cameroon,58,3.230246402,0,0,0,0,2012,0
Argentina,63,2.810898816,2,0,0,0,2012,2
Azerbaijan,69,2.408456264,0,0,0,0,2012,0
Angola,72,2.364659954,0,0,0,0,2012,0
Bosnia and Herzegovina,80,1.973786701,0,0,0,0,2012,0
Cambodia,81,1.9559553,1,0,3,0,2012,0
Bhutan,85,1.71909842,0,0,0,0,2012,0
Austria,87,1.520181983,0,0,0,0,2012,0
Bolivia,94,0.950071442,0,0,0,0,2012,1
Canada,95,0.890406939,0,0,0,0,2012,3
Belgium,97,0.826318935,0,0,0,0,2012,1
Brazil,97,0.826318935,0,0,0,0,2012,1
Albania,97,0.826318935,0,0,0,0,2012,0
Armenia,111,0.157670278,0,0,0,0,2012,0
Burkina Faso,112,0,0,0,0,0,2012,0
Australia,112,0,0,0,0,0,2012,0
Benin,112,0,0,0,0,0,2012,0
Botswana,112,0,0,0,0,0,2012,0
Chad,91,1.058311564,0,0,0,0,2012,0
Chile,64,2.804168881,1,0,0,0,2012,2
China,30,5.010017149,2,13,10,0,2012,4
Colombia,12,7.38634935,119,181,484,21,2012,115
Costa Rica,112,0,0,0,0,0,2012,0
Croatia,112,0,0,0,0,0,2012,0
Cuba,112,0,0,0,0,0,2012,0
Cyprus,97,0.826318935,0,0,0,0,2012,1
Denmark,97,0.826318935,0,0,0,0,2012,0
Djibouti,112,0,0,0,0,0,2012,0
Dominican Republic,112,0,0,0,0,0,2012,0
Ecuador,106,0.290978598,0,0,0,0,2012,1
Egypt,17,5.804261379,45,31,45,50,2012,49
El Salvador,65,2.5643453,0,0,0,0,2012,0
Equatorial Guinea,112,0,0,0,0,0,2012,0
Eritrea,61,3.141192925,0,0,0,0,2012,0
Estonia,84,1.819639004,0,0,0,0,2012,0
Eswatini,102,0.792401165,0,0,0,0,2012,0
Ethiopia,29,5.041844062,2,24,8,4,2012,3
Finland,110,0.226890594,0,0,0,0,2012,0
France,38,4.359280574,8,8,2,4,2012,66
Gabon,112,0,0,0,0,0,2012,0
Georgia,41,4.277192625,7,5,11,5,2012,3
Germany,59,3.219864618,3,0,0,0,2012,5
Ghana,112,0,0,0,0,0,2012,0
Greece,45,4.027997239,7,0,0,0,2012,24
Guatemala,48,3.884648275,2,7,2,0,2012,1
Guinea,112,0,0,0,0,0,2012,0
Guinea-Bissau,75,2.269793175,1,1,0,0,2012,1
Guyana,112,0,0,0,0,0,2012,0
Haiti,112,0,0,0,0,0,2012,0
Honduras,69,2.408456264,0,0,0,0,2012,0
Hungary,106,0.290978598,0,0,0,0,2012,0
Iceland,112,0,0,0,0,0,2012,1
India,8,7.814715079,219,150,256,41,2012,613
Indonesia,26,5.235223273,25,9,22,0,2012,39
Iran,19,5.688964794,4,10,4,0,2012,5
Iraq,1,9.599967028,1288,2086,5050,16,2012,1435
Ireland,78,2.119610324,1,0,0,0,2012,29
Israel,18,5.709045369,77,10,46,0,2012,59
Italy,56,3.236416171,3,0,1,0,2012,10
Jamaica,106,0.290978598,0,0,0,0,2012,0
Japan,86,1.682808103,0,0,0,0,2012,0
Jordan,67,2.541764584,1,1,0,0,2012,2
Kazakhstan,47,3.956174806,1,0,1,0,2012,4
Kenya,15,6.688522043,72,113,377,6,2012,80
Kosovo,56,3.236416171,1,1,4,0,2012,4
Kuwait,90,1.356526959,1,0,0,0,2012,0
Laos,112,0,0,0,0,0,2012,1
Latvia,112,0,0,0,0,0,2012,0
Lebanon,27,5.166324545,9,10,80,0,2012,15
Lesotho,112,0,0,0,0,0,2012,0
Liberia,112,0,0,0,0,0,2012,1
Libya,23,5.446328433,48,30,54,7,2012,57
Lithuania,112,0,0,0,0,0,2012,0
Madagascar,72,2.364659954,2,0,1,0,2012,1
Malawi,112,0,0,0,0,0,2012,0
Malaysia,77,2.17728451,1,0,5,0,2012,2
Mali,22,5.496412603,16,45,0,11,2012,19
Mauritania,53,3.367379291,0,0,0,0,2012,0
Mauritius,112,0,0,0,0,0,2012,0
Mexico,62,2.97524706,0,0,0,0,2012,16
Moldova,82,1.937748474,0,0,0,0,2012,1
Montenegro,103,0.508313379,0,0,0,0,2012,0
Morocco,45,4.027997239,0,0,0,0,2012,0
Mozambique,106,0.290978598,0,0,0,0,2012,1
Myanmar,20,5.580636513,8,8,4,3,2012,17
Namibia,112,0,0,0,0,0,2012,0
Nepal,28,5.1390601,7,11,28,0,2012,46
Netherlands,112,0,0,0,0,0,2012,0
New Zealand,112,0,0,0,0,0,2012,0
Nicaragua,91,1.058311564,0,0,0,0,2012,0
Niger,60,3.174846677,1,0,0,6,2012,1
Nigeria,6,8.098342178,212,767,496,9,2012,615
North Korea,112,0,0,0,0,0,2012,0
Norway,21,5.574483329,0,0,0,0,2012,0
Pakistan,2,9.152620244,638,1322,2297,160,2012,1655
Panama,91,1.058311564,0,0,0,0,2012,0
Papua New Guinea,112,0,0,0,0,0,2012,0
Paraguay,65,2.5643453,0,0,0,0,2012,4
Peru,31,4.85702584,12,6,9,26,2012,9
Philippines,13,7.211936124,113,98,304,29,2012,249
Poland,112,0,0,0,0,0,2012,0
Portugal,112,0,0,0,0,0,2012,0
Qatar,112,0,0,0,0,0,2012,0
Republic of the Congo,112,0,0,0,0,0,2012,0
Romania,112,0,0,0,0,0,2012,0
Russia,10,7.490145036,219,157,309,3,2012,151
Rwanda,51,3.678993555,2,0,10,0,2012,6
Saudi Arabia,52,3.591148133,1,2,0,0,2012,6
Senegal,76,2.218148441,0,0,0,0,2012,12
Serbia,68,2.45014107,1,1,0,0,2012,3
Sierra Leone,72,2.364659954,1,1,1,0,2012,0
Singapore,112,0,0,0,0,0,2012,0
Slovakia,103,0.508313379,0,0,0,0,2012,0
Slovenia,112,0,0,0,0,0,2012,0
Somalia,7,7.964122878,166,446,427,1,2012,325
South Africa,112,0,0,0,0,0,2012,4
South Korea,112,0,0,0,0,0,2012,0
South Sudan,112,0,0,0,0,0,2012,5
Spain,55,3.256669844,0,0,0,0,2012,1
Sri Lanka,24,5.443778362,2,0,0,3,2012,4
Sudan,25,5.396542469,3,9,12,38,2012,40
Sweden,89,1.458384821,0,0,0,0,2012,2
Switzerland,87,1.520181983,0,0,0,0,2012,0
Syria,4,8.238078587,168,1014,1833,71,2012,180
Taiwan,112,0,0,0,0,0,2012,0
Tajikistan,40,4.293038452,0,0,0,0,2012,5
Tanzania,112,0,0,0,0,0,2012,0
Thailand,9,7.499810283,199,184,493,0,2012,280
Togo,112,0,0,0,0,0,2012,0
Trinidad and Tobago,112,0,0,0,0,0,2012,0
Tunisia,54,3.344173977,3,0,0,5,2012,3
Turkey,11,7.387463099,157,188,502,89,2012,190
Turkmenistan,112,0,0,0,0,0,2012,0
Uganda,33,4.634778606,0,0,0,0,2012,4
Ukraine,50,3.78954287,3,0,30,0,2012,8
United Arab Emirates,112,0,0,0,0,0,2012,0
United Kingdom,35,4.568434785,22,1,0,0,2012,54
Uruguay,95,0.890406939,0,0,0,0,2012,0
Uzbekistan,83,1.840478381,0,0,0,0,2012,0
Venezuela,69,2.408456264,0,0,0,0,2012,1
Vietnam,112,0,0,0,0,0,2012,0
Yemen,5,8.098512649,219,651,798,121,2012,313
Zambia,112,0,0,0,0,0,2012,0
Zimbabwe,112,0,0,0,0,0,2012,0
Afghanistan,3,8.935457856,259,923,1232,42,2013,1443
Albania,99,0.508313379,0,0,0,0,2013,1
Algeria,16,6.476253966,13,46,26,107,2013,22
Bangladesh,34,4.520579161,14,3,19,0,2013,138
Bahrain,35,4.488905173,20,2,34,0,2013,52
Burundi,40,4.138021283,0,0,0,0,2013,2
Belarus,44,3.949012924,0,0,0,0,2013,0
Bulgaria,50,3.661622681,0,0,0,0,2013,3
Central African Republic,51,3.580201249,0,0,0,0,2013,21
Cameroon,58,3.079565214,1,0,0,7,2013,3
Argentina,66,2.581994735,2,0,0,0,2013,2
Bosnia and Herzegovina,77,1.840478381,1,0,0,0,2013,1
Angola,82,1.657739905,0,0,0,0,2013,0
Azerbaijan,83,1.520181983,0,0,0,0,2013,0
Cambodia,85,1.425747276,0,0,0,0,2013,2
Austria,91,1.032494951,0,0,0,0,2013,1
Bolivia,97,0.555070295,0,0,0,0,2013,0
Belgium,99,0.508313379,0,0,0,0,2013,0
Brazil,99,0.508313379,0,0,0,0,2013,3
Canada,104,0.406455517,0,0,0,0,2013,4
Bhutan,105,0.290978598,0,0,0,0,2013,0
Burkina Faso,110,0,0,0,0,0,2013,1
Australia,110,0,0,0,0,0,2013,1
Benin,110,0,0,0,0,0,2013,0
Armenia,110,0,0,0,0,0,2013,1
Botswana,110,0,0,0,0,0,2013,0
Chad,94,0.68185185,0,0,0,0,2013,0
Chile,56,3.228179992,3,2,0,0,2013,5
China,27,4.986234864,4,8,49,0,2013,12
Colombia,10,7.378836375,217,140,291,19,2013,149
Costa Rica,110,0,0,0,0,0,2013,0
Croatia,83,1.520181983,1,0,1,0,2013,2
Cuba,110,0,0,0,0,0,2013,0
Cyprus,99,0.508313379,0,0,0,0,2013,2
Denmark,99,0.508313379,0,0,0,0,2013,1
Djibouti,110,0,0,0,0,0,2013,0
Dominican Republic,110,0,0,0,0,0,2013,1
Ecuador,89,1.281280191,1,0,0,0,2013,2
Egypt,15,6.792710322,91,132,376,4,2013,321
El Salvador,72,2.008383006,0,0,0,0,2013,0
Equatorial Guinea,110,0,0,0,0,0,2013,0
Eritrea,68,2.527927612,0,0,0,0,2013,0
Estonia,88,1.319721733,0,0,0,0,2013,0
Eswatini,110,0,0,0,0,0,2013,0
Ethiopia,31,4.601608968,2,4,0,0,2013,5
Finland,110,0,0,0,0,0,2013,0
France,46,3.802418427,1,0,1,0,2013,18
Gabon,110,0,0,0,0,0,2013,0
Georgia,47,3.760970259,1,1,1,0,2013,2
Germany,64,2.641076691,0,0,0,0,2013,0
Ghana,110,0,0,0,0,0,2013,0
Greece,41,4.122714825,13,2,3,0,2013,56
Guatemala,55,3.29197239,0,0,0,0,2013,6
Guinea,110,0,0,0,0,0,2013,2
Guinea-Bissau,79,1.730864483,0,0,0,0,2013,0
Guyana,110,0,0,0,0,0,2013,0
Haiti,110,0,0,0,0,0,2013,0
Honduras,76,1.860827374,0,0,0,0,2013,2
Hungary,109,0.157670278,0,0,0,0,2013,0
Iceland,110,0,0,0,0,0,2013,0
India,8,7.700491117,199,241,294,37,2013,694
Indonesia,24,5.123481964,10,13,4,0,2013,32
Iran,21,5.488870324,7,21,0,0,2013,11
Iraq,1,9.874781401,1673,3980,9479,41,2013,2852
Ireland,74,1.946899801,1,0,0,0,2013,27
Israel,22,5.313444395,33,1,1,0,2013,37
Italy,62,2.657241503,0,0,0,0,2013,7
Jamaica,110,0,0,0,0,0,2013,0
Japan,110,0,0,0,0,0,2013,1
Jordan,75,1.937748474,0,0,0,0,2013,1
Kazakhstan,53,3.365616207,0,0,0,0,2013,4
Kenya,14,6.967738799,41,151,272,0,2013,80
Kosovo,57,3.13199292,4,0,2,0,2013,6
Kuwait,93,0.890406939,0,0,0,0,2013,0
Laos,110,0,0,0,0,0,2013,0
Latvia,110,0,0,0,0,0,2013,0
Lebanon,17,6.210585379,34,56,294,13,2013,121
Lesotho,110,0,0,0,0,0,2013,0
Liberia,110,0,0,0,0,0,2013,0
Libya,18,6.184142789,90,55,104,13,2013,291
Lithuania,110,0,0,0,0,0,2013,0
Madagascar,69,2.489908641,3,0,0,0,2013,2
Malawi,110,0,0,0,0,0,2013,0
Malaysia,73,1.973786701,1,0,0,0,2013,13
Mali,19,5.895912725,33,45,53,2,2013,58
Mauritania,65,2.612040169,0,0,0,0,2013,0
Mauritius,110,0,0,0,0,0,2013,0
Mexico,67,2.555383641,1,0,0,0,2013,8
Moldova,85,1.425747276,0,0,0,0,2013,0
Montenegro,105,0.290978598,0,0,0,0,2013,2
Morocco,52,3.436735081,0,0,0,0,2013,0
Mozambique,60,3.028978145,2,1,10,0,2013,18
Myanmar,23,5.213000407,9,6,11,0,2013,18
Namibia,110,0,0,0,0,0,2013,0
Nepal,33,4.583671892,7,0,9,0,2013,104
Netherlands,110,0,0,0,0,0,2013,0
New Zealand,110,0,0,0,0,0,2013,0
Nicaragua,94,0.68185185,0,0,0,0,2013,0
Niger,45,3.8307061,3,3,16,0,2013,4
Nigeria,5,8.335604257,107,931,146,13,2013,347
North Korea,110,0,0,0,0,0,2013,0
Norway,28,4.976426151,0,0,0,0,2013,0
Pakistan,2,9.181259066,518,1503,3421,81,2013,2215
Panama,94,0.68185185,0,0,0,0,2013,0
Papua New Guinea,110,0,0,0,0,0,2013,0
Paraguay,38,4.400781097,11,9,14,5,2013,10
Peru,30,4.719196682,9,4,6,18,2013,13
Philippines,12,7.200142327,71,108,211,305,2013,651
Poland,110,0,0,0,0,0,2013,0
Portugal,110,0,0,0,0,0,2013,0
Qatar,110,0,0,0,0,0,2013,0
Republic of the Congo,110,0,0,0,0,0,2013,1
Romania,110,0,0,0,0,0,2013,0
Russia,11,7.373317078,141,132,299,0,2013,145
Rwanda,37,4.439871464,3,4,54,0,2013,4
Saudi Arabia,61,3.002529836,0,0,0,0,2013,6
Senegal,81,1.682808103,0,0,0,0,2013,3
Serbia,71,2.347647097,1,0,2,0,2013,0
Sierra Leone,78,1.819639004,0,0,0,0,2013,0
Singapore,110,0,0,0,0,0,2013,0
Slovakia,105,0.290978598,0,0,0,0,2013,0
Slovenia,110,0,0,0,0,0,2013,0
Somalia,7,7.820100334,152,264,366,6,2013,342
South Africa,110,0,0,0,0,0,2013,13
South Korea,110,0,0,0,0,0,2013,0
South Sudan,48,3.747457604,2,6,7,0,2013,13
Spain,70,2.38683533,0,0,0,0,2013,5
Sri Lanka,39,4.200714835,0,0,0,0,2013,14
Sudan,26,5.05395337,4,12,19,0,2013,46
Sweden,92,0.950071442,0,0,0,0,2013,0
Switzerland,90,1.058311564,0,0,0,0,2013,2
Syria,4,8.445953206,80,907,1012,4,2013,287
Taiwan,110,0,0,0,0,0,2013,2
Tajikistan,49,3.736033497,1,0,0,0,2013,0
Tanzania,79,1.730864483,2,0,0,0,2013,7
Thailand,9,7.469150406,196,154,413,0,2013,472
Togo,110,0,0,0,0,0,2013,0
Trinidad and Tobago,110,0,0,0,0,0,2013,3
Tunisia,29,4.916879074,14,22,9,0,2013,29
Turkey,13,7.015625579,13,56,140,4,2013,42
Turkmenistan,110,0,0,0,0,0,2013,0
Uganda,42,4.039408425,0,0,0,0,2013,0
Ukraine,54,3.327736036,2,0,0,0,2013,5
United Arab Emirates,110,0,0,0,0,0,2013,1
United Kingdom,32,4.58969235,29,1,1,0,2013,136
Uruguay,97,0.555070295,0,0,0,0,2013,0
Uzbekistan,87,1.338320133,0,0,0,0,2013,0
Venezuela,63,2.649196866,1,1,0,0,2013,1
Vietnam,110,0,0,0,0,0,2013,0
Yemen,6,7.983732085,201,316,444,13,2013,435
Zambia,110,0,0,0,0,0,2013,0
Zimbabwe,110,0,0,0,0,0,2013,3
Afghanistan,4,8.899861383,356,1143,1531,19,2014,1824
Albania,105,0.226890594,0,0,0,0,2014,2
Algeria,20,6.129568068,10,33,0,0,2014,13
Angola,74,2.016820071,2,0,0,0,2014,0
Cameroon,19,6.176446614,15,120,16,13,2014,69
Bahrain,27,4.86982856,30,6,22,0,2014,42
Bangladesh,37,4.185120353,4,2,2,0,2014,130
Central African Republic,39,4.054658058,1,6,10,0,2014,94
Burundi,52,3.533520832,0,0,0,0,2014,5
Belarus,56,3.358527706,0,0,0,0,2014,0
Belgium,60,3.074637609,1,3,1,0,2014,2
Bulgaria,60,3.074637609,0,0,0,0,2014,1
Canada,62,2.887819917,2,2,1,0,2014,3
Australia,66,2.72646182,1,2,0,0,2014,8
Argentina,75,1.991257847,0,0,0,0,2014,1
Bosnia and Herzegovina,84,1.338320133,0,0,0,0,2014,3
Azerbaijan,90,1.058311564,0,0,0,0,2014,3
Cambodia,92,0.950071442,0,0,0,0,2014,0
Brazil,100,0.290978598,0,0,0,0,2014,3
Armenia,110,0,0,0,0,0,2014,0
Burkina Faso,110,0,0,0,0,0,2014,0
Austria,110,0,0,0,0,0,2014,0
Benin,110,0,0,0,0,0,2014,0
Bolivia,110,0,0,0,0,0,2014,0
Bhutan,110,0,0,0,0,0,2014,1
Botswana,110,0,0,0,0,0,2014,0
Chad,99,0.406455517,0,0,0,0,2014,1
Chile,40,3.945409617,15,0,17,0,2014,17
China,18,6.275128911,11,72,332,0,2014,37
Colombia,12,7.127657501,112,59,232,14,2014,231
Costa Rica,110,0,0,0,0,0,2014,0
Croatia,90,1.058311564,0,0,0,0,2014,0
Cuba,110,0,0,0,0,0,2014,0
Cyprus,100,0.290978598,0,0,0,0,2014,2
Denmark,100,0.290978598,0,0,0,0,2014,0
Djibouti,68,2.665211995,1,0,11,0,2014,1
Dominican Republic,110,0,0,0,0,0,2014,0
Ecuador,94,0.826318935,0,0,0,0,2014,0
Egypt,11,7.216263701,145,200,335,0,2014,354
El Salvador,84,1.338320133,0,0,0,0,2014,0
Equatorial Guinea,110,0,0,0,0,0,2014,0
Eritrea,77,1.973786701,0,0,0,0,2014,0
Estonia,93,0.890406939,0,0,0,0,2014,0
Eswatini,110,0,0,0,0,0,2014,0
Ethiopia,31,4.531648654,1,9,0,0,2014,2
Finland,110,0,0,0,0,0,2014,0
France,46,3.736033497,3,0,16,0,2014,14
Gabon,110,0,0,0,0,0,2014,0
Georgia,59,3.101398437,0,0,0,0,2014,2
Germany,72,2.282236444,1,0,0,0,2014,14
Ghana,110,0,0,0,0,0,2014,1
Greece,51,3.580201249,3,0,0,0,2014,27
Guatemala,67,2.711551239,0,0,0,0,2014,0
Guinea,110,0,0,0,0,0,2014,0
Guinea-Bissau,87,1.24105004,0,0,0,0,2014,0
Guyana,110,0,0,0,0,0,2014,0
Haiti,110,0,0,0,0,0,2014,0
Honduras,96,0.508313379,0,0,0,0,2014,1
Hungary,87,1.24105004,1,0,0,0,2014,1
Iceland,110,0,0,0,0,0,2014,1
India,8,7.488045843,121,168,190,25,2014,860
Indonesia,28,4.693357709,4,3,6,0,2014,35
Iran,26,4.988129262,6,4,3,5,2014,9
Iraq,1,9.857795995,1243,3206,6058,272,2014,3934
Ireland,71,2.318526761,3,0,0,0,2014,33
Israel,23,5.130618584,17,5,28,0,2014,293
Italy,73,2.049768525,0,0,0,0,2014,7
Jamaica,110,0,0,0,0,0,2014,1
Japan,110,0,0,0,0,0,2014,5
Jordan,83,1.425747276,0,0,0,0,2014,3
Kazakhstan,65,2.783659012,0,0,0,0,2014,0
Kenya,10,7.25595736,49,222,315,22,2014,115
Kosovo,64,2.83730674,1,0,3,0,2014,4
Kuwait,96,0.508313379,0,0,0,0,2014,0
Laos,110,0,0,0,0,0,2014,0
Latvia,110,0,0,0,0,0,2014,0
Lebanon,16,6.55179493,57,69,281,2,2014,205
Lesotho,110,0,0,0,0,0,2014,0
Liberia,110,0,0,0,0,0,2014,1
Libya,15,6.663061985,114,94,188,8,2014,729
Lithuania,110,0,0,0,0,0,2014,0
Madagascar,47,3.731421261,1,1,33,0,2014,1
Malawi,110,0,0,0,0,0,2014,0
Malaysia,58,3.13199292,4,1,1,5,2014,12
Mali,21,5.977053523,24,36,71,7,2014,69
Mauritania,76,1.982566394,0,0,0,0,2014,0
Mauritius,110,0,0,0,0,0,2014,0
Mexico,78,1.8904803,0,0,0,0,2014,5
Moldova,110,0,0,0,0,0,2014,0
Montenegro,106,0.157670278,0,0,0,0,2014,0
Morocco,63,2.850214327,0,0,0,0,2014,0
Mozambique,50,3.588424375,3,2,11,0,2014,22
Myanmar,29,4.635591763,2,0,2,0,2014,16
Namibia,110,0,0,0,0,0,2014,0
Nepal,43,3.898100871,1,0,2,0,2014,7
Netherlands,110,0,0,0,0,0,2014,1
New Zealand,110,0,0,0,0,0,2014,1
Nicaragua,44,3.897146881,1,5,24,0,2014,2
Niger,34,4.383549298,1,12,0,0,2014,5
Nigeria,3,8.920986418,143,2101,834,365,2014,713
North Korea,110,0,0,0,0,0,2014,0
Norway,35,4.379733631,0,0,0,0,2014,0
Pakistan,2,9.001972501,363,996,1705,26,2014,2149
Panama,106,0.157670278,0,0,0,0,2014,0
Papua New Guinea,110,0,0,0,0,0,2014,0
Paraguay,42,3.902855102,3,0,0,0,2014,15
Peru,30,4.55202962,6,3,11,9,2014,12
Philippines,14,6.911213695,46,60,153,4,2014,597
Poland,110,0,0,0,0,0,2014,0
Portugal,110,0,0,0,0,0,2014,0
Qatar,110,0,0,0,0,0,2014,0
Republic of the Congo,110,0,0,0,0,0,2014,0
Romania,110,0,0,0,0,0,2014,0
Russia,13,6.959119855,64,44,48,0,2014,48
Rwanda,45,3.807727175,0,0,0,0,2014,2
Saudi Arabia,36,4.19329168,8,7,13,0,2014,14
Senegal,96,0.508313379,0,0,0,0,2014,2
Serbia,81,1.753926977,0,0,0,0,2014,0
Sierra Leone,86,1.319721733,0,0,0,0,2014,0
Singapore,110,0,0,0,0,0,2014,0
Slovakia,106,0.157670278,0,0,0,0,2014,0
Slovenia,110,0,0,0,0,0,2014,0
Somalia,7,7.678839117,116,256,183,3,2014,872
South Africa,110,0,0,0,0,0,2014,20
South Korea,110,0,0,0,0,0,2014,0
South Sudan,49,3.599268308,2,2,0,0,2014,40
Spain,79,1.840478381,2,0,0,0,2014,4
Sri Lanka,82,1.6187201,0,0,0,0,2014,16
Sudan,33,4.476782851,1,1,4,0,2014,157
Sweden,100,0.290978598,0,0,0,0,2014,5
Switzerland,95,0.68185185,0,0,0,0,2014,0
Syria,5,8.306237304,44,545,423,43,2014,333
Taiwan,110,0,0,0,0,0,2014,1
Tajikistan,57,3.207239688,1,0,0,0,2014,1
Tanzania,41,3.927164377,8,5,10,0,2014,11
Thailand,9,7.385031249,156,136,350,0,2014,423
Togo,110,0,0,0,0,0,2014,0
Trinidad and Tobago,110,0,0,0,0,0,2014,0
Tunisia,22,5.376763234,11,28,31,0,2014,23
Turkey,17,6.469894278,10,7,5,9,2014,95
Turkmenistan,48,3.609977947,2,6,0,0,2014,1
Uganda,54,3.446433788,0,0,0,0,2014,6
Ukraine,53,3.481093126,9,0,3,0,2014,896
United Arab Emirates,70,2.45014107,2,1,0,0,2014,2
United Kingdom,32,4.497052349,25,0,2,0,2014,104
Uruguay,110,0,0,0,0,0,2014,0
Uzbekistan,100,0.290978598,0,0,0,0,2014,0
Venezuela,80,1.798285023,0,0,0,0,2014,4
Vietnam,110,0,0,0,0,0,2014,0
Yemen,6,7.97955827,145,432,286,2,2014,814
Zambia,110,0,0,0,0,0,2014,0
Zimbabwe,110,0,0,0,0,0,2014,1
Afghanistan,3,8.864294012,312,1008,1835,361,2015,1928
Albania,106,0,0,0,0,0,2015,4
Algeria,26,5.794740634,12,22,14,0,2015,15
Angola,90,1.24105004,0,0,0,0,2015,0
Argentina,94,1.154498636,0,0,0,0,2015,1
Armenia,106,0,0,0,0,0,2015,2
Cameroon,11,7.394734608,44,292,876,122,2015,83
Bangladesh,30,5.406431664,24,17,137,0,2015,469
Central African Republic,35,5.172244048,6,30,21,8,2015,49
Burundi,36,5.149441343,12,20,80,0,2015,102
Bahrain,39,4.505123485,3,2,9,0,2015,18
Burkina Faso,52,3.4717775,3,4,3,1,2015,6
Bosnia and Herzegovina,53,3.413672586,3,3,7,0,2015,6
Australia,66,2.783659012,1,1,0,0,2015,12
Belarus,67,2.773218736,0,0,0,0,2015,0
Belgium,68,2.762650878,2,0,0,0,2015,0
Bulgaria,70,2.499571226,0,0,0,0,2015,2
Canada,71,2.489908641,1,0,0,0,2015,5
Brazil,82,1.730864483,2,0,0,0,2015,5
Azerbaijan,100,0.68185185,0,0,0,0,2015,0
Cambodia,102,0.599428341,0,0,0,0,2015,0
Austria,106,0,0,0,0,0,2015,0
Benin,106,0,0,0,0,0,2015,0
Bolivia,106,0,0,0,0,0,2015,0
Bhutan,106,0,0,0,0,0,2015,0
Botswana,106,0,0,0,0,0,2015,0
Chad,17,6.736976178,16,172,416,30,2015,27
Chile,47,3.851079063,12,0,0,0,2015,1
China,21,6.618601375,6,126,109,0,2015,17
Colombia,15,7.102306592,190,103,158,7,2015,136
Costa Rica,106,0,0,0,0,0,2015,0
Croatia,100,0.68185185,0,0,0,0,2015,0
Cuba,106,0,0,0,0,0,2015,0
Cyprus,105,0.157670278,0,0,0,0,2015,0
Denmark,61,3.064697359,2,2,5,0,2015,5
Djibouti,78,2.104570079,0,0,0,0,2015,1
Dominican Republic,106,0,0,0,0,0,2015,0
Ecuador,87,1.391829506,1,0,0,0,2015,1
Egypt,7,7.839074178,257,481,647,41,2015,647
El Salvador,106,0,0,0,0,0,2015,0
Equatorial Guinea,106,0,0,0,0,0,2015,0
Eritrea,106,0,0,0,0,0,2015,0
Estonia,103,0.555070295,0,0,0,0,2015,1
Eswatini,106,0,0,0,0,0,2015,0
Ethiopia,44,4.300853799,2,1,24,0,2015,7
Finland,106,0,0,0,0,0,2015,9
France,18,6.654602759,10,145,445,15,2015,38
Gabon,106,0,0,0,0,0,2015,0
Georgia,73,2.439906722,0,0,0,0,2015,1
Germany,51,3.628406486,3,5,1,0,2015,68
Ghana,106,0,0,0,0,0,2015,0
Greece,58,3.152556982,3,0,1,0,2015,30
Guatemala,80,2.04164835,0,0,0,0,2015,0
Guinea,106,0,0,0,0,0,2015,2
Guinea-Bissau,97,0.826318935,0,0,0,0,2015,0
Guyana,106,0,0,0,0,0,2015,0
Haiti,106,0,0,0,0,0,2015,0
Honduras,106,0,0,0,0,0,2015,0
Hungary,97,0.826318935,0,0,0,0,2015,1
Iceland,106,0,0,0,0,0,2015,0
India,10,7.432510613,169,135,241,336,2015,885
Indonesia,37,4.731286752,8,10,3,0,2015,29
Iran,34,5.268695571,10,28,10,4,2015,9
Iraq,1,9.79372633,868,2974,4807,288,2015,2751
Ireland,82,1.730864483,0,0,0,0,2015,28
Israel,29,5.548433818,45,9,123,0,2015,58
Italy,79,2.096950714,2,0,0,0,2015,6
Jamaica,106,0,0,0,0,0,2015,0
Japan,90,1.24105004,1,0,0,0,2015,10
Jordan,55,3.336906772,2,4,0,0,2015,4
Kazakhstan,77,2.218148441,0,0,0,0,2015,0
Kenya,12,7.272043998,30,205,142,1,2015,70
Kosovo,74,2.318526761,1,0,0,0,2015,2
Kuwait,28,5.57008094,1,27,227,0,2015,1
Laos,106,0,0,0,0,0,2015,2
Latvia,106,0,0,0,0,0,2015,0
Lebanon,22,6.594471488,12,60,284,4,2015,44
Lesotho,106,0,0,0,0,0,2015,1
Liberia,106,0,0,0,0,0,2015,0
Libya,14,7.182860501,80,234,181,91,2015,543
Lithuania,106,0,0,0,0,0,2015,0
Madagascar,59,3.13199292,0,0,0,0,2015,0
Malawi,106,0,0,0,0,0,2015,0
Malaysia,65,2.804168881,1,0,0,2,2015,5
Mali,16,6.884358508,85,181,204,18,2015,121
Mauritania,86,1.408954665,0,0,0,0,2015,0
Mauritius,106,0,0,0,0,0,2015,0
Mexico,69,2.573215042,5,0,0,0,2015,19
Moldova,106,0,0,0,0,0,2015,0
Montenegro,106,0,0,0,0,0,2015,1
Morocco,75,2.282236444,0,0,0,0,2015,1
Mozambique,63,3.002529836,0,0,0,0,2015,8
Myanmar,40,4.499909594,6,6,14,0,2015,37
Namibia,106,0,0,0,0,0,2015,0
Nepal,54,3.367379291,2,0,0,0,2015,48
Netherlands,106,0,0,0,0,0,2015,3
New Zealand,106,0,0,0,0,0,2015,0
Nicaragua,56,3.307211416,0,0,0,0,2015,0
Niger,19,6.64669567,25,202,50,0,2015,41
Nigeria,2,9.112269511,138,2003,1846,8,2015,641
North Korea,106,0,0,0,0,0,2015,0
Norway,48,3.784120957,0,0,0,0,2015,0
Pakistan,4,8.749125366,294,658,1004,35,2015,1243
Panama,106,0,0,0,0,0,2015,0
Papua New Guinea,106,0,0,0,0,0,2015,0
Paraguay,43,4.386806523,8,9,0,1,2015,19
Peru,41,4.491309379,3,7,6,0,2015,10
Philippines,20,6.636950078,44,38,148,12,2015,721
Poland,106,0,0,0,0,0,2015,0
Portugal,106,0,0,0,0,0,2015,0
Qatar,106,0,0,0,0,0,2015,1
Republic of the Congo,106,0,0,0,0,0,2015,0
Romania,106,0,0,0,0,0,2015,0
Russia,23,6.396452922,24,11,25,0,2015,22
Rwanda,59,3.13199292,0,0,0,0,2015,0
Saudi Arabia,25,5.858691864,17,60,113,0,2015,104
Senegal,106,0,0,0,0,0,2015,2
Serbia,90,1.24105004,0,0,0,0,2015,0
Sierra Leone,96,0.890406939,0,0,0,0,2015,0
Singapore,106,0,0,0,0,0,2015,0
Slovakia,106,0,0,0,0,0,2015,0
Slovenia,106,0,0,0,0,0,2015,0
Somalia,8,7.6986338,99,335,247,5,2015,422
South Africa,90,1.24105004,1,0,0,0,2015,5
South Korea,85,1.520181983,1,0,1,0,2015,1
South Sudan,45,4.072765431,6,1,0,31,2015,54
Spain,88,1.281280191,0,0,0,0,2015,1
Sri Lanka,99,0.757098619,0,0,0,0,2015,11
Sudan,42,4.475316687,7,5,11,3,2015,158
Sweden,61,3.064697359,1,3,1,0,2015,35
Switzerland,104,0.406455517,0,0,0,0,2015,0
Syria,6,8.025665068,30,226,450,201,2015,491
Taiwan,106,0,0,0,0,0,2015,0
Tajikistan,95,1.10774172,0,0,0,0,2015,3
Tanzania,49,3.69119111,5,0,5,0,2015,14
Thailand,13,7.245110641,131,83,415,0,2015,278
Togo,106,0,0,0,0,0,2015,0
Trinidad and Tobago,106,0,0,0,0,0,2015,1
Tunisia,24,6.284296299,19,99,106,0,2015,19
Turkey,9,7.503475289,224,286,933,44,2015,425
Turkmenistan,50,3.651537525,1,3,2,0,2015,0
Uganda,57,3.24457465,2,3,4,0,2015,10
Ukraine,31,5.384660936,56,10,125,2,2015,638
United Arab Emirates,76,2.269793175,1,0,1,0,2015,0
United Kingdom,38,4.527974544,25,1,8,0,2015,114
Uruguay,106,0,0,0,0,0,2015,0
Uzbekistan,88,1.281280191,1,0,0,0,2015,1
Venezuela,72,2.460255715,1,1,0,0,2015,3
Vietnam,106,0,0,0,0,0,2015,0
Yemen,5,8.040714765,93,458,748,13,2015,818
Zambia,106,0,0,0,0,0,2015,0
Zimbabwe,106,0,0,0,0,0,2015,0
Afghanistan,3,8.713573211,179,643,643,153,2016,1616
Albania,106,0,0,0,0,0,2016,2
Algeria,32,5.345504394,6,11,11,0,2016,9
Angola,95,0.826318935,0,0,0,0,2016,2
Argentina,87,1.458384821,1,0,0,0,2016,2
Armenia,88,1.24105004,1,0,0,0,2016,2
Australia,70,2.632879546,2,0,0,0,2016,9
Austria,62,3.141192925,2,2,2,0,2016,3
Cameroon,11,7.26428119,35,148,148,5,2016,58
Azerbaijan,88,1.24105004,1,0,0,0,2016,2
Belgium,27,5.773636587,5,32,32,0,2016,6
Bangladesh,29,5.750886302,24,42,42,0,2016,89
Burkina Faso,30,5.61260263,6,53,53,2,2016,10
Central African Republic,33,5.297713655,1,14,14,0,2016,38
Burundi,44,4.521970621,2,0,0,0,2016,83
Bahrain,49,4.384093021,9,3,3,0,2016,3
Bosnia and Herzegovina,65,2.824203575,0,0,0,0,2016,0
Canada,67,2.741119667,3,0,0,0,2016,6
Bulgaria,77,1.937748474,0,0,0,0,2016,1
Brazil,79,1.730864483,1,0,0,0,2016,3
Cambodia,105,0.350643101,0,0,0,0,2016,0
Benin,106,0,0,0,0,0,2016,0
Belarus,106,0,0,0,0,0,2016,0
Bolivia,106,0,0,0,0,0,2016,0
Bhutan,106,0,0,0,0,0,2016,0
Botswana,106,0,0,0,0,0,2016,0
Chad,20,6.277140694,5,11,11,0,2016,5
Chile,51,4.137298515,23,0,0,0,2016,19
China,22,6.054938254,2,3,3,0,2016,5
Colombia,17,6.821868204,104,44,44,13,2016,110
Costa Rica,106,0,0,0,0,0,2016,0
Croatia,104,0.406455517,0,0,0,0,2016,0
Cuba,106,0,0,0,0,0,2016,0
Cyprus,88,1.24105004,1,0,0,0,2016,2
Denmark,73,2.489908641,0,0,0,0,2016,1
Djibouti,83,1.577856169,0,0,0,0,2016,0
Dominican Republic,106,0,0,0,0,0,2016,0
Ecuador,94,0.950071442,0,0,0,0,2016,6
Egypt,8,7.892519323,221,349,349,0,2016,376
El Salvador,106,0,0,0,0,0,2016,0
Equatorial Guinea,106,0,0,0,0,0,2016,0
Eritrea,106,0,0,0,0,0,2016,0
Estonia,106,0,0,0,0,0,2016,0
Eswatini,106,0,0,0,0,0,2016,0
Ethiopia,54,3.700826778,0,0,0,0,2016,13
Finland,106,0,0,0,0,0,2016,3
France,16,6.830356595,9,90,90,0,2016,25
Gabon,106,0,0,0,0,0,2016,0
Georgia,71,2.590686188,1,0,0,0,2016,4
Germany,34,5.201882245,29,15,15,0,2016,45
Ghana,106,0,0,0,0,0,2016,1
Greece,59,3.365616207,9,0,0,0,2016,30
Guatemala,84,1.520181983,0,0,0,0,2016,0
Guinea,106,0,0,0,0,0,2016,1
Guinea-Bissau,102,0.508313379,0,0,0,0,2016,0
Guyana,106,0,0,0,0,0,2016,1
Haiti,106,0,0,0,0,0,2016,1
Honduras,106,0,0,0,0,0,2016,1
Hungary,78,1.819639004,1,0,0,0,2016,1
Iceland,106,0,0,0,0,0,2016,0
India,10,7.520602762,250,216,216,4,2016,1027
Indonesia,40,4.804834041,10,8,8,0,2016,19
Iran,39,4.851027987,2,5,5,0,2016,10
Iraq,1,10,1545,4514,4514,20,2016,3395
Ireland,82,1.707170061,1,0,0,0,2016,15
Israel,31,5.433179104,25,9,9,0,2016,50
Italy,74,2.485036559,4,0,0,0,2016,11
Jamaica,106,0,0,0,0,0,2016,0
Japan,95,0.826318935,0,0,0,0,2016,1
Jordan,42,4.746076053,3,16,16,0,2016,11
Kazakhstan,52,4.040217776,2,10,10,0,2016,3
Kenya,14,6.909281001,35,54,54,4,2016,65
Kosovo,64,2.850214327,6,0,0,0,2016,8
Kuwait,36,4.980799319,1,0,0,0,2016,2
Laos,50,4.274728827,4,11,11,0,2016,4
Latvia,106,0,0,0,0,0,2016,0
Lebanon,21,6.175419829,12,13,13,0,2016,41
Lesotho,106,0,0,0,0,0,2016,0
Liberia,106,0,0,0,0,0,2016,0
Libya,15,6.899552206,12,81,81,0,2016,422
Lithuania,106,0,0,0,0,0,2016,0
Madagascar,47,4.438851662,1,2,2,0,2016,1
Malawi,106,0,0,0,0,0,2016,0
Malaysia,56,3.438359104,4,0,0,9,2016,19
Mali,13,7.040009859,93,144,144,5,2016,100
Mauritania,106,0,0,0,0,0,2016,0
Mauritius,88,1.24105004,1,0,0,0,2016,0
Mexico,60,3.219864618,6,1,1,0,2016,7
Moldova,88,1.24105004,1,0,0,0,2016,1
Montenegro,106,0,0,0,0,0,2016,0
Morocco,106,0,0,0,0,0,2016,0
Mozambique,48,4.426001614,8,7,7,0,2016,79
Myanmar,43,4.607086355,9,10,10,0,2016,74
Namibia,106,0,0,0,0,0,2016,0
Nepal,57,3.436735081,10,0,0,0,2016,43
Netherlands,106,0,0,0,0,0,2016,6
New Zealand,106,0,0,0,0,0,2016,1
Nicaragua,68,2.72646182,0,0,0,0,2016,0
Niger,19,6.675290324,18,108,108,1,2016,25
Nigeria,2,8.760688412,147,518,518,108,2016,535
North Korea,106,0,0,0,0,0,2016,0
Norway,106,0,0,0,0,0,2016,0
Pakistan,4,8.600831189,247,631,631,31,2016,864
Panama,106,0,0,0,0,0,2016,1
Papua New Guinea,106,0,0,0,0,0,2016,0
Paraguay,46,4.467454885,5,8,8,1,2016,15
Peru,45,4.519650276,1,10,10,0,2016,4
Philippines,18,6.775703909,62,91,91,32,2016,632
Poland,84,1.520181983,1,0,0,0,2016,2
Portugal,106,0,0,0,0,0,2016,0
Qatar,106,0,0,0,0,0,2016,0
Republic of the Congo,106,0,0,0,0,0,2016,15
Romania,106,0,0,0,0,0,2016,0
Russia,24,6.029369731,23,19,19,0,2016,56
Rwanda,72,2.555383641,0,0,0,0,2016,1
Saudi Arabia,28,5.754013944,29,22,22,0,2016,134
Senegal,106,0,0,0,0,0,2016,0
Serbia,95,0.826318935,0,0,0,0,2016,0
Sierra Leone,101,0.555070295,0,0,0,0,2016,1
Singapore,106,0,0,0,0,0,2016,0
Slovakia,106,0,0,0,0,0,2016,1
Slovenia,106,0,0,0,0,0,2016,0
Somalia,5,8.18490876,292,760,760,4,2016,602
South Africa,95,0.826318935,0,0,0,0,2016,27
South Korea,93,1.058311564,0,0,0,0,2016,1
South Sudan,55,3.481093126,0,0,0,0,2016,59
Spain,84,1.520181983,1,0,0,0,2016,3
Sri Lanka,103,0.458883223,0,0,0,0,2016,1
Sudan,53,3.82137931,0,0,0,0,2016,173
Sweden,66,2.755533206,2,0,0,0,2016,16
Switzerland,106,0,0,0,0,0,2016,2
Syria,7,8.098809039,26,531,531,0,2016,474
Taiwan,106,0,0,0,0,0,2016,1
Tajikistan,100,0.68185185,0,0,0,0,2016,2
Tanzania,61,3.177044371,1,0,0,0,2016,3
Thailand,12,7.107054162,152,67,67,0,2016,329
Togo,106,0,0,0,0,0,2016,0
Trinidad and Tobago,106,0,0,0,0,0,2016,0
Tunisia,23,6.034786069,12,28,28,1,2016,12
Turkey,6,8.173357275,247,591,591,7,2016,544
Turkmenistan,63,3.064697359,0,0,0,0,2016,0
Uganda,69,2.665211995,0,0,0,0,2016,15
Ukraine,38,4.935464983,12,1,1,0,2016,62
United Arab Emirates,79,1.730864483,0,0,0,0,2016,0
United Kingdom,37,4.965950375,44,6,6,0,2016,104
Uruguay,106,0,0,0,0,0,2016,1
Uzbekistan,95,0.826318935,0,0,0,0,2016,0
Venezuela,76,2.163222537,1,0,0,0,2016,6
Vietnam,106,0,0,0,0,0,2016,0
Yemen,9,7.889900965,52,342,342,0,2016,917
Zambia,106,0,0,0,0,0,2016,0
Zimbabwe,106,0,0,0,0,0,2016,0
Afghanistan,2,8.852158257,314,1256,2168,74,2017,1415
Albania,108,0,0,0,0,0,2017,1
Algeria,37,5.032906221,8,7,16,0,2017,14
Angola,102,0.508313379,0,0,0,0,2017,6
Argentina,61,3.11329398,9,0,3,0,2017,3
Armenia,96,0.826318935,0,0,0,0,2017,0
Australia,64,2.900000291,1,1,3,0,2017,4
Austria,69,2.5643453,0,0,0,0,2017,1
Azerbaijan,96,0.826318935,0,0,0,0,2017,2
Bahrain,45,4.585396304,14,4,25,0,2017,21
Bangladesh,30,5.593618784,20,11,57,0,2017,41
Cameroon,12,7.274045966,87,170,194,33,2017,111
Burkina Faso,21,6.219222904,60,72,65,7,2017,32
Belgium,33,5.219437839,6,0,1,0,2017,3
Burundi,35,5.15190546,4,13,97,0,2017,21
Central African Republic,43,4.697529046,0,0,0,0,2017,43
Canada,49,4.245878838,8,6,25,0,2017,16
Bosnia and Herzegovina,73,2.257168246,0,0,0,0,2017,0
Belarus,108,0,0,0,0,0,2017,0
Brazil,89,1.24105004,0,0,0,0,2017,2
Benin,108,0,0,0,0,0,2017,0
Bulgaria,108,0,0,0,0,0,2017,0
Bolivia,108,0,0,0,0,0,2017,0
Bhutan,108,0,0,0,0,0,2017,0
Botswana,108,0,0,0,0,0,2017,0
Cambodia,108,0,0,0,0,0,2017,0
Chad,24,5.814926345,1,9,20,0,2017,6
Chile,46,4.529354165,37,0,6,0,2017,17
China,28,5.623173678,4,10,8,0,2017,6
Colombia,16,6.737977426,95,57,200,4,2017,119
Costa Rica,108,0,0,0,0,0,2017,0
Croatia,107,0.226890594,0,0,0,0,2017,0
Cuba,108,0,0,0,0,0,2017,0
Cyprus,82,1.730864483,1,0,1,0,2017,0
Denmark,78,1.937748474,0,0,0,0,2017,0
Djibouti,94,1.10774172,0,0,0,0,2017,1
Dominican Republic,108,0,0,0,0,0,2017,1
Ecuador,101,0.599428341,0,0,0,0,2017,3
Egypt,6,8.179634881,160,703,601,9,2017,225
El Salvador,108,0,0,0,0,0,2017,0
Equatorial Guinea,108,0,0,0,0,0,2017,0
Eritrea,108,0,0,0,0,0,2017,0
Estonia,108,0,0,0,0,0,2017,0
Eswatini,108,0,0,0,0,0,2017,0
Ethiopia,25,5.738034244,30,54,74,0,2017,28
Finland,62,3.103790672,1,2,8,0,2017,2
France,20,6.341824367,41,3,17,0,2017,42
Gabon,82,1.730864483,1,0,2,0,2017,4
Georgia,81,1.742472607,0,0,0,0,2017,1
Germany,39,4.868587825,16,1,8,0,2017,28
Ghana,108,0,0,0,0,0,2017,0
Greece,51,4.208740807,29,0,8,0,2017,44
Guatemala,108,0,0,0,0,0,2017,0
Guinea,108,0,0,0,0,0,2017,0
Guinea-Bissau,108,0,0,0,0,0,2017,0
Guyana,108,0,0,0,0,0,2017,0
Haiti,108,0,0,0,0,0,2017,0
Honduras,108,0,0,0,0,0,2017,1
Hungary,88,1.319721733,0,0,0,0,2017,0
Iceland,108,0,0,0,0,0,2017,0
India,9,7.711424486,432,243,483,38,2017,967
Indonesia,38,4.879077764,17,6,29,0,2017,27
Iran,34,5.168741088,7,17,47,0,2017,11
Iraq,1,9.742263973,1194,1732,3708,69,2017,2548
Ireland,93,1.198856682,0,0,0,0,2017,17
Israel,31,5.363029185,45,5,29,0,2017,34
Italy,67,2.783659012,5,0,0,0,2017,10
Jamaica,108,0,0,0,0,0,2017,2
Japan,102,0.508313379,0,0,0,0,2017,0
Jordan,53,4.147362712,0,0,0,0,2017,8
Kazakhstan,60,3.446433788,0,0,0,0,2017,0
Kenya,14,6.959313553,59,143,77,16,2017,97
Kosovo,74,2.244356274,0,0,0,0,2017,8
Kuwait,47,4.383549298,0,0,0,0,2017,0
Laos,58,3.681446868,0,0,0,0,2017,1
Latvia,108,0,0,0,0,0,2017,1
Lebanon,27,5.638090911,4,3,8,0,2017,24
Lesotho,108,0,0,0,0,0,2017,0
Liberia,108,0,0,0,0,0,2017,1
Libya,19,6.453414987,14,15,57,12,2017,191
Lithuania,108,0,0,0,0,0,2017,0
Madagascar,56,3.841970576,0,0,0,0,2017,0
Malawi,108,0,0,0,0,0,2017,1
Malaysia,66,2.843784615,0,0,0,0,2017,4
Mali,10,7.505051778,191,296,404,47,2017,142
Mauritania,108,0,0,0,0,0,2017,0
Mauritius,96,0.826318935,0,0,0,0,2017,0
Mexico,54,3.950808962,8,5,1,0,2017,23
Moldova,96,0.826318935,0,0,0,0,2017,0
Montenegro,108,0,0,0,0,0,2017,0
Morocco,108,0,0,0,0,0,2017,0
Mozambique,41,4.792720021,8,12,15,4,2017,15
Myanmar,40,4.834719718,5,15,5,0,2017,116
Namibia,108,0,0,0,0,0,2017,0
Nepal,42,4.776644716,53,1,31,0,2017,247
Netherlands,72,2.269793175,1,1,0,0,2017,1
New Zealand,108,0,0,0,0,0,2017,0
Nicaragua,75,2.163222537,0,0,0,0,2017,0
Niger,18,6.592613173,14,74,63,40,2017,13
Nigeria,4,8.643886656,186,794,798,99,2017,488
North Korea,108,0,0,0,0,0,2017,0
Norway,89,1.24105004,1,0,0,0,2017,1
Pakistan,5,8.525636808,259,632,1465,22,2017,719
Panama,108,0,0,0,0,0,2017,0
Papua New Guinea,108,0,0,0,0,0,2017,8
Paraguay,55,3.903802819,1,0,0,0,2017,10
Peru,50,4.233028791,2,4,0,0,2017,8
Philippines,13,7.054331954,154,129,278,66,2017,695
Poland,95,1.058311564,0,0,0,0,2017,1
Portugal,108,0,0,0,0,0,2017,0
Qatar,108,0,0,0,0,0,2017,0
Republic of the Congo,108,0,0,0,0,0,2017,0
Romania,108,0,0,0,0,0,2017,0
Russia,23,5.882946794,12,30,78,0,2017,34
Rwanda,78,1.937748474,0,0,0,0,2017,2
Saudi Arabia,32,5.336877965,6,5,15,0,2017,57
Senegal,108,0,0,0,0,0,2017,0
Serbia,106,0.290978598,0,0,0,0,2017,1
Sierra Leone,108,0,0,0,0,0,2017,3
Singapore,108,0,0,0,0,0,2017,0
Slovakia,108,0,0,0,0,0,2017,0
Slovenia,108,0,0,0,0,0,2017,0
Somalia,3,8.735835876,439,1535,1205,24,2017,617
South Africa,102,0.508313379,0,0,0,0,2017,29
South Korea,100,0.68185185,0,0,0,0,2017,0
South Sudan,65,2.896971243,0,0,0,0,2017,54
Spain,36,5.146520125,3,16,136,0,2017,4
Sri Lanka,86,1.520181983,1,0,1,0,2017,41
Sudan,59,3.613960113,3,2,0,0,2017,106
Sweden,57,3.787378182,8,4,2,0,2017,18
Switzerland,89,1.24105004,1,0,0,0,2017,0
Syria,7,7.963508012,25,376,545,0,2017,250
Taiwan,86,1.520181983,1,0,1,0,2017,1
Tajikistan,71,2.306598402,1,1,0,0,2017,2
Tanzania,68,2.599291157,0,0,0,0,2017,6
Thailand,15,6.901270062,92,51,236,4,2017,179
Togo,108,0,0,0,0,0,2017,0
Trinidad and Tobago,108,0,0,0,0,0,2017,0
Tunisia,29,5.618230507,16,5,17,0,2017,4
Turkey,8,7.834440008,113,154,307,4,2017,181
Turkmenistan,70,2.489908641,0,0,0,0,2017,0
Uganda,76,2.104570079,0,0,0,0,2017,13
Ukraine,44,4.604141304,6,3,5,0,2017,62
United Arab Emirates,89,1.24105004,0,0,0,0,2017,0
United Kingdom,22,6.026364015,64,37,218,0,2017,123
Uruguay,82,1.730864483,2,0,0,0,2017,0
Uzbekistan,102,0.508313379,0,0,0,0,2017,0
Venezuela,85,1.631923292,0,0,0,0,2017,17
Vietnam,108,0,0,0,0,0,2017,2
Yemen,11,7.497006727,44,120,129,0,2017,531
Zambia,108,0,0,0,0,0,2017,2
Zimbabwe,108,0,0,0,0,0,2017,3
Afghanistan,2,9.066528918,379,1624,2882,466,2018,1777
Albania,110,0,0,0,0,0,2018,0
Algeria,36,5.113016419,8,18,15,0,2018,7
Angola,90,1.319721733,1,0,0,0,2018,0
Argentina,60,3.393403089,10,0,0,0,2018,5
Armenia,103,0.508313379,0,0,0,0,2018,1
Australia,66,3.089336982,2,1,3,0,2018,3
Austria,76,2.341900948,1,0,1,0,2018,1
Azerbaijan,103,0.508313379,0,0,0,0,2018,1
Bahrain,52,3.952601279,0,0,0,0,2018,1
Bangladesh,38,5.033162874,2,1,1,0,2018,33
Belarus,110,0,0,0,0,0,2018,0
Belgium,43,4.778713598,2,3,3,1,2018,3
Cameroon,10,7.623656579,276,279,287,293,2018,236
Burkina Faso,15,6.852426262,137,144,140,33,2018,72
Canada,44,4.71438713,2,12,27,0,2018,7
Burundi,46,4.554711148,0,0,0,0,2018,10
Central African Republic,51,4.101875449,0,0,0,0,2018,46
Benin,110,0,0,0,0,0,2018,0
Bosnia and Herzegovina,84,1.707170061,0,0,0,0,2018,2
Brazil,87,1.520181983,1,0,0,0,2018,12
Bulgaria,110,0,0,0,0,0,2018,1
Bolivia,110,0,0,0,0,0,2018,2
Bhutan,110,0,0,0,0,0,2018,0
Botswana,110,0,0,0,0,0,2018,0
Cambodia,110,0,0,0,0,0,2018,1
Chad,25,5.836680692,5,40,13,10,2018,12
Chile,35,5.122556805,81,1,7,0,2018,47
China,39,5.011334025,0,0,0,0,2018,1
Colombia,14,7.059324909,233,131,185,49,2018,206
Costa Rica,110,0,0,0,0,0,2018,0
Croatia,110,0,0,0,0,0,2018,0
Cuba,110,0,0,0,0,0,2018,0
Cyprus,91,1.24105004,0,0,0,0,2018,0
Denmark,82,1.840478381,1,0,0,0,2018,1
Djibouti,101,0.720293392,0,0,0,0,2018,0
Dominican Republic,110,0,0,0,0,0,2018,0
Ecuador,48,4.334311083,8,6,39,2,2018,11
Egypt,7,7.851519019,117,185,174,0,2018,54
El Salvador,110,0,0,0,0,0,2018,0
Equatorial Guinea,110,0,0,0,0,0,2018,0
Eritrea,110,0,0,0,0,0,2018,0
Estonia,110,0,0,0,0,0,2018,0
Eswatini,110,0,0,0,0,0,2018,0
Ethiopia,33,5.158146256,2,0,2,0,2018,10
Finland,73,2.527927612,0,0,0,0,2018,1
France,23,5.9908987,26,10,39,8,2018,13
Gabon,91,1.24105004,0,0,0,0,2018,0
Georgia,94,1.154498636,0,0,0,0,2018,1
Germany,41,4.913349305,47,0,2,0,2018,24
Ghana,110,0,0,0,0,0,2018,2
Greece,47,4.491789419,32,0,9,0,2018,26
Guatemala,110,0,0,0,0,0,2018,2
Guinea,110,0,0,0,0,0,2018,2
Guinea-Bissau,110,0,0,0,0,0,2018,0
Guyana,110,0,0,0,0,0,2018,0
Haiti,110,0,0,0,0,0,2018,5
Honduras,110,0,0,0,0,0,2018,0
Hungary,97,0.890406939,0,0,0,0,2018,0
Iceland,110,0,0,0,0,0,2018,0
India,6,7.895785847,542,312,484,66,2018,889
Indonesia,24,5.846154097,27,61,34,0,2018,43
Iran,22,6.009186773,16,61,120,14,2018,13
Iraq,1,9.421871014,967,1083,1909,98,2018,1364
Ireland,100,0.757098619,0,0,0,0,2018,5
Israel,31,5.365304265,52,3,35,0,2018,63
Italy,58,3.577442738,12,0,7,0,2018,15
Jamaica,110,0,0,0,0,0,2018,0
Japan,108,0.290978598,0,0,0,0,2018,1
Jordan,53,3.904749499,1,2,5,0,2018,2
Kazakhstan,69,2.86293209,0,0,0,0,2018,0
Kenya,17,6.675943301,35,57,58,0,2018,52
Kosovo,80,1.982566394,1,0,0,0,2018,2
Kuwait,55,3.78954287,0,0,0,0,2018,0
Laos,65,3.09418177,0,0,0,0,2018,0
Latvia,110,0,0,0,0,0,2018,0
Lebanon,37,5.071068706,2,4,2,0,2018,8
Lesotho,110,0,0,0,0,0,2018,0
Liberia,110,0,0,0,0,0,2018,0
Libya,16,6.764720632,32,113,262,31,2018,167
Lithuania,110,0,0,0,0,0,2018,1
Madagascar,62,3.2466023,0,0,0,0,2018,0
Malawi,110,0,0,0,0,0,2018,2
Malaysia,67,2.935544704,2,0,0,6,2018,7
Mali,9,7.708183406,207,340,336,30,2018,164
Mauritania,83,1.730864483,1,0,2,0,2018,1
Mauritius,103,0.508313379,0,0,0,0,2018,0
Mexico,54,3.796004611,7,1,0,0,2018,27
Moldova,103,0.508313379,0,0,0,0,2018,0
Montenegro,110,0,0,0,0,0,2018,3
Morocco,71,2.72646182,1,2,0,0,2018,1
Mozambique,20,6.443123287,52,141,43,3,2018,65
Myanmar,42,4.795426728,7,5,34,0,2018,40
Namibia,110,0,0,0,0,0,2018,0
Nepal,32,5.253912437,78,3,20,0,2018,99
Netherlands,74,2.45014107,2,0,2,0,2018,6
New Zealand,110,0,0,0,0,0,2018,0
Nicaragua,85,1.631923292,0,0,0,0,2018,7
Niger,19,6.548820157,26,63,77,70,2018,19
Nigeria,4,8.506472221,151,642,611,259,2018,650
North Korea,110,0,0,0,0,0,2018,0
Norway,98,0.826318935,0,0,0,0,2018,0
Pakistan,5,8.373673144,222,502,1014,3,2018,480
Panama,110,0,0,0,0,0,2018,0
Papua New Guinea,110,0,0,0,0,0,2018,0
Paraguay,56,3.676533262,3,1,2,4,2018,4
Peru,50,4.217352368,4,4,10,0,2018,5
Philippines,12,7.195733111,189,124,332,64,2018,601
Poland,102,0.68185185,0,0,0,0,2018,1
Portugal,110,0,0,0,0,0,2018,0
Qatar,110,0,0,0,0,0,2018,0
Republic of the Congo,110,0,0,0,0,0,2018,0
Romania,72,2.599291157,1,0,10,0,2018,0
Russia,30,5.426040065,14,8,17,0,2018,23
Rwanda,110,0,0,0,0,0,2018,5
Saudi Arabia,40,4.961780013,2,6,4,0,2018,94
Senegal,63,3.24457465,2,3,4,0,2018,3
Serbia,110,0,0,0,0,0,2018,2
Sierra Leone,110,0,0,0,0,0,2018,0
Singapore,110,0,0,0,0,0,2018,0
Slovakia,110,0,0,0,0,0,2018,1
Slovenia,110,0,0,0,0,0,2018,0
Somalia,3,8.67458,408,833,819,15,2018,527
South Africa,70,2.850214327,4,1,2,0,2018,41
South Korea,107,0.406455517,0,0,0,0,2018,1
South Sudan,77,2.17728451,0,0,0,0,2018,69
Spain,45,4.577609227,2,0,0,0,2018,2
Sri Lanka,64,3.122693988,2,2,5,0,2018,7
Sudan,68,2.887819917,0,0,0,0,2018,42
Sweden,61,3.264640336,1,0,0,0,2018,6
Switzerland,78,2.163222537,3,0,0,0,2018,1
Syria,8,7.821796146,26,323,393,0,2018,235
Taiwan,96,1.058311564,0,0,0,0,2018,3
Tajikistan,29,5.466773648,2,56,3,0,2018,3
Tanzania,79,2.025175617,0,0,0,0,2018,3
Thailand,18,6.661657848,100,35,115,0,2018,182
Togo,110,0,0,0,0,0,2018,0
Trinidad and Tobago,110,0,0,0,0,0,2018,1
Tunisia,28,5.523178424,18,16,37,0,2018,19
Turkey,11,7.410756335,66,66,93,0,2018,94
Turkmenistan,81,1.937748474,0,0,0,0,2018,0
Uganda,86,1.577856169,0,0,0,0,2018,10
Ukraine,49,4.329113652,8,1,7,0,2018,36
United Arab Emirates,98,0.826318935,0,0,0,0,2018,0
United Kingdom,26,5.690406115,46,1,22,0,2018,101
Uruguay,91,1.24105004,0,0,0,0,2018,0
Uzbekistan,108,0.290978598,0,0,0,0,2018,0
Venezuela,34,5.128322877,5,34,19,0,2018,11
Vietnam,87,1.520181983,1,0,1,0,2018,1
Yemen,13,7.185718757,45,92,145,18,2018,498
Zambia,110,0,0,0,0,0,2018,0
Zimbabwe,110,0,0,0,0,0,2018,2
Afghanistan,1,9.039005605,380,1194,2727,2727,2019,1806
Albania,112,0,0,0,0,0,2019,1
Algeria,39,4.751068682,7,2,17,17,2019,0
Angola,96,0.826318935,0,0,0,0,2019,1
Argentina,63,3.002529836,2,0,0,0,2019,1
Armenia,105,0.290978598,0,0,0,0,2019,0
Australia,67,2.624603958,1,0,0,0,2019,2
Austria,82,1.798285023,0,0,0,0,2019,0
Azerbaijan,105,0.290978598,0,0,0,0,2019,0
Bahrain,61,3.250643393,0,0,0,0,2019,0
Bangladesh,40,4.75071302,10,1,21,21,2019,32
Belarus,112,0,0,0,0,0,2019,0
Belgium,48,4.175488517,0,0,0,0,2019,1
Benin,71,2.45014107,1,1,0,0,2019,1
Bhutan,112,0,0,0,0,0,2019,0
Burkina Faso,7,7.893449849,266,682,221,221,2019,161
Cameroon,10,7.784721091,222,288,210,210,2019,146
Bolivia,112,0,0,0,0,0,2019,1
Bosnia and Herzegovina,91,1.220210663,0,0,0,0,2019,0
Canada,49,4.135851164,1,0,0,0,2019,5
Burundi,52,3.959733627,0,0,0,0,2019,6
Central African Republic,59,3.47333709,0,0,0,0,2019,15
Brazil,80,1.973786701,2,0,0,0,2019,3
Botswana,112,0,0,0,0,0,2019,0
Bulgaria,112,0,0,0,0,0,2019,0
Cambodia,112,0,0,0,0,0,2019,0
Chad,22,6.234581905,15,83,35,35,2019,14
Chile,29,5.48370374,103,1,27,27,2019,27
China,47,4.178940787,0,0,0,0,2019,14
Colombia,12,7.354479771,342,154,374,374,2019,230
Costa Rica,112,0,0,0,0,0,2019,2
Croatia,112,0,0,0,0,0,2019,0
Cuba,112,0,0,0,0,0,2019,0
Cyprus,96,0.826318935,0,0,0,0,2019,0
Denmark,88,1.338320133,0,0,0,0,2019,2
Djibouti,112,0,0,0,0,0,2019,0
Dominican Republic,112,0,0,0,0,0,2019,0
Ecuador,53,3.936335113,2,1,2,2,2019,3
Egypt,11,7.579491016,84,151,218,218,2019,63
El Salvador,112,0,0,0,0,0,2019,0
Equatorial Guinea,112,0,0,0,0,0,2019,0
Eritrea,112,0,0,0,0,0,2019,0
Estonia,112,0,0,0,0,0,2019,0
Eswatini,112,0,0,0,0,0,2019,0
Ethiopia,41,4.624137393,1,0,9,9,2019,26
Finland,80,1.973786701,0,0,0,0,2019,3
France,26,5.618360953,25,4,22,22,2019,21
Gabon,96,0.826318935,0,0,0,0,2019,1
Georgia,100,0.757098619,0,0,0,0,2019,0
Germany,36,4.915997982,26,3,22,22,2019,17
Ghana,112,0,0,0,0,0,2019,3
Greece,44,4.482622776,26,0,3,3,2019,32
Guatemala,112,0,0,0,0,0,2019,0
Guinea,112,0,0,0,0,0,2019,0
Guinea-Bissau,112,0,0,0,0,0,2019,0
Guyana,112,0,0,0,0,0,2019,1
Haiti,112,0,0,0,0,0,2019,4
Honduras,112,0,0,0,0,0,2019,5
Hungary,103,0.508313379,0,0,0,0,2019,1
Iceland,112,0,0,0,0,0,2019,0
India,9,7.805154807,317,224,362,362,2019,622
Indonesia,30,5.464750741,10,7,16,16,2019,26
Iran,25,5.961931657,12,40,26,26,2019,8
Iraq,2,9.016501909,494,533,896,896,2019,644
Ireland,89,1.319721733,1,0,0,0,2019,12
Israel,33,5.263992406,37,4,25,25,2019,65
Italy,46,4.352541899,12,0,0,0,2019,8
Jamaica,112,0,0,0,0,0,2019,0
Japan,69,2.537176815,1,0,9,9,2019,2
Jordan,50,4.041026371,2,3,16,16,2019,4
Kazakhstan,73,2.294503208,0,0,0,0,2019,1
Kenya,20,6.564117252,34,73,72,72,2019,50
Kosovo,87,1.425747276,0,0,0,0,2019,0
Kuwait,62,3.200857428,0,0,0,0,2019,0
Laos,70,2.518578415,0,0,0,0,2019,0
Latvia,112,0,0,0,0,0,2019,0
Lebanon,43,4.486976985,1,4,1,1,2019,7
Lesotho,112,0,0,0,0,0,2019,0
Liberia,112,0,0,0,0,0,2019,1
Libya,21,6.30187131,9,20,20,20,2019,70
Lithuania,84,1.730864483,2,0,0,0,2019,1
Madagascar,68,2.581994735,0,0,0,0,2019,0
Malawi,112,0,0,0,0,0,2019,5
Malaysia,72,2.306598402,0,0,0,0,2019,2
Mali,8,7.824669382,152,389,324,324,2019,139
Mauritania,90,1.24105004,0,0,0,0,2019,0
Mauritius,105,0.290978598,0,0,0,0,2019,0
Mexico,57,3.628406486,7,0,2,2,2019,31
Moldova,105,0.290978598,0,0,0,0,2019,0
Montenegro,112,0,0,0,0,0,2019,0
Morocco,77,2.163222537,0,0,0,0,2019,0
Mozambique,13,7.332351946,127,348,89,89,2019,133
Myanmar,23,6.0744006,34,65,47,47,2019,90
Namibia,112,0,0,0,0,0,2019,0
Nepal,27,5.511302646,94,4,17,17,2019,200
Netherlands,58,3.496399584,1,4,4,4,2019,4
New Zealand,28,5.490988801,1,51,49,49,2019,2
Nicaragua,112,0,0,0,0,0,2019,3
Niger,14,7.227455671,82,282,100,100,2019,49
Nigeria,4,8.389681794,158,688,312,312,2019,507
North Korea,112,0,0,0,0,0,2019,0
Norway,78,2.104570079,2,0,2,2,2019,3
Pakistan,5,8.078639418,140,250,589,589,2019,363
Panama,112,0,0,0,0,0,2019,0
Papua New Guinea,112,0,0,0,0,0,2019,0
Paraguay,60,3.349584583,4,0,0,0,2019,0
Peru,54,3.852085221,1,2,0,0,2019,1
Philippines,15,7.179563929,133,114,299,299,2019,467
Poland,104,0.406455517,0,0,0,0,2019,0
Portugal,112,0,0,0,0,0,2019,0
Qatar,112,0,0,0,0,0,2019,0
Republic of the Congo,112,0,0,0,0,0,2019,0
Romania,79,2.04164835,0,0,0,0,2019,0
Russia,37,4.884884837,4,2,5,5,2019,10
Rwanda,76,2.269793175,2,0,4,4,2019,3
Saudi Arabia,45,4.479707743,5,0,6,6,2019,43
Senegal,66,2.665211995,0,0,0,0,2019,1
Serbia,112,0,0,0,0,0,2019,0
Sierra Leone,112,0,0,0,0,0,2019,0
Singapore,112,0,0,0,0,0,2019,0
Slovakia,112,0,0,0,0,0,2019,0
Slovenia,112,0,0,0,0,0,2019,0
Somalia,3,8.575458825,304,693,752,752,2019,361
South Africa,74,2.282236444,0,0,0,0,2019,23
South Korea,109,0.226890594,0,0,0,0,2019,1
South Sudan,86,1.534965117,0,0,0,0,2019,13
Spain,51,4.034536343,2,0,0,0,2019,4
Sri Lanka,18,6.635180928,11,197,127,127,2019,15
Sudan,74,2.282236444,0,0,0,0,2019,26
Sweden,65,2.800784171,1,0,0,0,2019,2
Switzerland,85,1.631923292,0,0,0,0,2019,1
Syria,6,7.919990341,151,368,894,894,2019,293
Taiwan,102,0.68185185,0,0,0,0,2019,1
Tajikistan,35,5.174861989,2,10,10,10,2019,2
Tanzania,56,3.732576628,1,6,7,7,2019,1
Thailand,19,6.567257672,71,59,99,99,2019,130
Togo,112,0,0,0,0,0,2019,0
Trinidad and Tobago,112,0,0,0,0,0,2019,1
Tunisia,34,5.238265107,19,4,18,18,2019,16
Turkey,16,7.042677264,54,51,93,93,2019,70
Turkmenistan,95,1.005883858,0,0,0,0,2019,0
Uganda,92,1.10774172,0,0,0,0,2019,4
Ukraine,55,3.828642155,3,0,0,0,2019,31
United Arab Emirates,109,0.226890594,0,0,0,0,2019,0
United Kingdom,32,5.358637138,28,3,9,9,2019,85
Uruguay,96,0.826318935,0,0,0,0,2019,0
Uzbekistan,111,0.157670278,0,0,0,0,2019,0
Venezuela,42,4.531190243,0,0,0,0,2019,9
Vietnam,93,1.058311564,0,0,0,0,2019,0
Yemen,17,6.847370911,18,75,60,60,2019,795
Zambia,112,0,0,0,0,0,2019,0
Zimbabwe,112,0,0,0,0,0,2019,2
Afghanistan,1,9.05633576,643,1292,2395,101,2020,2604
Albania,105,0,0,0,0,0,2020,1
Algeria,43,4.326212635,2,3,0,0,2020,4
Angola,91,0.508313379,0,0,0,0,2020,1
Argentina,67,2.429549804,0,0,0,0,2020,5
Armenia,100,0.157670278,0,0,0,0,2020,0
Australia,59,3.021128237,1,2,0,0,2020,5
Austria,50,3.803482787,1,4,22,0,2020,4
Azerbaijan,100,0.157670278,0,0,0,0,2020,0
Bahrain,63,2.616248412,0,0,0,0,2020,0
Bangladesh,41,4.417153226,5,1,19,1,2020,30
Belarus,105,0,0,0,0,0,2020,2
Belgium,51,3.580201249,0,0,0,0,2020,3
Benin,73,1.900142885,0,0,0,0,2020,1
Bhutan,105,0,0,0,0,0,2020,0
Bolivia,105,0,0,0,0,0,2020,9
Bosnia and Herzegovina,105,0,0,0,0,0,2020,0
Botswana,105,0,0,0,0,0,2020,0
Brazil,82,1.425747276,0,0,0,0,2020,6
Burkina Faso,6,8.120392472,193,666,187,35,2020,110
Cameroon,11,7.632021997,119,222,104,130,2020,145
Canada,46,4.010593069,4,3,1,0,2020,14
Burundi,56,3.145756483,0,0,0,0,2020,7
Central African Republic,66,2.460255715,0,0,0,0,2020,36
Bulgaria,105,0,0,0,0,0,2020,1
Cambodia,105,0,0,0,0,0,2020,1
Chad,16,6.650341912,11,143,100,11,2020,15
Chile,23,5.987330439,198,6,26,0,2020,54
China,64,2.5643453,0,0,0,0,2020,21
Colombia,14,7.308849224,184,156,89,27,2020,171
Costa Rica,105,0,0,0,0,0,2020,0
Croatia,105,0,0,0,0,0,2020,1
Cuba,105,0,0,0,0,0,2020,0
Cyprus,83,1.391829506,1,0,0,0,2020,11
Denmark,91,0.508313379,0,0,0,0,2020,0
Djibouti,105,0,0,0,0,0,2020,0
Dominican Republic,105,0,0,0,0,0,2020,0
Ecuador,54,3.344173977,0,0,0,0,2020,5
Egypt,13,7.309144678,112,119,99,17,2020,57
El Salvador,105,0,0,0,0,0,2020,0
Equatorial Guinea,105,0,0,0,0,0,2020,0
Eritrea,105,0,0,0,0,0,2020,7
Estonia,105,0,0,0,0,0,2020,0
Eswatini,105,0,0,0,0,0,2020,0
Ethiopia,42,4.352541899,1,0,29,0,2020,53
Finland,81,1.458384821,0,0,0,0,2020,1
France,30,5.245722865,25,7,12,0,2020,24
Gabon,91,0.508313379,0,0,0,0,2020,0
Georgia,94,0.458883223,0,0,0,0,2020,1
Germany,31,5.124637022,28,11,21,0,2020,33
Ghana,105,0,0,0,0,0,2020,10
Greece,38,4.691073926,43,0,0,0,2020,50
Guatemala,105,0,0,0,0,0,2020,3
Guinea,105,0,0,0,0,0,2020,0
Guinea-Bissau,105,0,0,0,0,0,2020,0
Guyana,105,0,0,0,0,0,2020,6
Haiti,105,0,0,0,0,0,2020,2
Honduras,105,0,0,0,0,0,2020,2
Hungary,97,0.290978598,0,0,0,0,2020,0
Iceland,105,0,0,0,0,0,2020,0
India,10,7.669323303,316,172,212,20,2020,450
Indonesia,28,5.376590741,21,13,22,0,2020,19
Iran,26,5.618100041,10,14,8,0,2020,7
Iraq,2,8.699259147,637,464,748,32,2020,764
Ireland,87,0.890406939,0,0,0,0,2020,10
Israel,34,4.959826941,20,1,18,0,2020,67
Italy,48,3.949012924,6,0,0,0,2020,13
Jamaica,105,0,0,0,0,0,2020,0
Japan,71,1.973786701,0,0,0,0,2020,0
Jordan,53,3.426926367,0,0,0,0,2020,0
Kazakhstan,75,1.753926977,0,0,0,0,2020,3
Kenya,18,6.371537605,43,46,53,1,2020,66
Kosovo,86,0.950071442,0,0,0,0,2020,3
Kuwait,100,0.157670278,0,0,0,0,2020,0
Laos,72,1.964916959,0,0,0,0,2020,0
Latvia,105,0,0,0,0,0,2020,0
Lebanon,45,4.096586183,3,5,0,0,2020,10
Lesotho,105,0,0,0,0,0,2020,0
Liberia,105,0,0,0,0,0,2020,0
Libya,25,5.633360717,6,1,4,0,2020,17
Lithuania,85,1.24105004,0,0,0,0,2020,0
Madagascar,70,2.025175617,0,0,0,0,2020,0
Malawi,105,0,0,0,0,0,2020,0
Malaysia,65,2.532564579,1,0,0,5,2020,1
Mali,7,7.92538498,222,404,398,93,2020,138
Mauritania,88,0.826318935,0,0,0,0,2020,0
Mauritius,100,0.157670278,0,0,0,0,2020,0
Mexico,58,3.028978145,0,0,0,0,2020,13
Moldova,100,0.157670278,0,0,0,0,2020,0
Montenegro,105,0,0,0,0,0,2020,0
Morocco,78,1.631923292,0,0,0,0,2020,0
Mozambique,9,7.881702832,198,564,173,219,2020,220
Myanmar,24,5.934769701,26,24,22,30,2020,65
Namibia,105,0,0,0,0,0,2020,0
Nepal,29,5.25192212,29,5,0,0,2020,37
Netherlands,60,3.002529836,1,0,0,0,2020,37
New Zealand,35,4.893070487,0,0,0,0,2020,12
Nicaragua,105,0,0,0,0,0,2020,3
Niger,12,7.417721406,69,262,203,115,2020,35
Nigeria,4,8.434953887,142,865,204,419,2020,478
North Korea,105,0,0,0,0,0,2020,0
Norway,79,1.577856169,0,0,0,0,2020,2
Pakistan,8,7.916045722,173,263,583,9,2020,294
Panama,105,0,0,0,0,0,2020,0
Papua New Guinea,105,0,0,0,0,0,2020,0
Paraguay,62,2.912011488,2,0,0,1,2020,2
Peru,55,3.207239688,0,0,0,0,2020,2
Philippines,15,7.080553846,112,98,188,2,2020,294
Poland,99,0.226890594,0,0,0,0,2020,2
Portugal,105,0,0,0,0,0,2020,1
Qatar,105,0,0,0,0,0,2020,0
Republic of the Congo,105,0,0,0,0,0,2020,0
Romania,80,1.520181983,0,0,0,0,2020,0
Russia,39,4.684186163,6,7,2,0,2020,12
Rwanda,76,1.730864483,0,0,0,0,2020,1
Saudi Arabia,49,3.856098185,4,0,6,0,2020,60
Senegal,69,2.104570079,0,0,0,0,2020,0
Serbia,105,0,0,0,0,0,2020,0
Sierra Leone,105,0,0,0,0,0,2020,0
Singapore,105,0,0,0,0,0,2020,0
Slovakia,105,0,0,0,0,0,2020,0
Slovenia,105,0,0,0,0,0,2020,0
Somalia,3,8.489522657,344,671,491,4,2020,280
South Africa,76,1.730864483,0,0,0,0,2020,17
South Korea,105,0,0,0,0,0,2020,0
South Sudan,105,0,0,0,0,0,2020,16
Spain,52,3.443212956,0,0,0,0,2020,0
Sri Lanka,22,6.036154985,0,0,0,0,2020,1
Sudan,84,1.319721733,0,0,0,0,2020,33
Sweden,68,2.163222537,0,0,0,0,2020,3
Switzerland,57,3.09418177,6,1,2,0,2020,2
Syria,5,8.315132382,450,746,1076,15,2020,256
Taiwan,96,0.406455517,0,0,0,0,2020,0
Tajikistan,40,4.577609227,0,0,0,0,2020,0
Tanzania,36,4.823347121,5,22,0,0,2020,8
Thailand,19,6.178905935,24,14,76,0,2020,39
Togo,105,0,0,0,0,0,2020,0
Trinidad and Tobago,105,0,0,0,0,0,2020,1
Tunisia,37,4.749645155,6,3,5,6,2020,5
Turkey,17,6.484198276,16,17,14,2,2020,20
Turkmenistan,105,0,0,0,0,0,2020,0
Uganda,105,0,0,0,0,0,2020,5
Ukraine,61,2.958454449,1,0,0,0,2020,38
United Arab Emirates,105,0,0,0,0,0,2020,0
United Kingdom,32,5.021277283,14,3,10,0,2020,90
Uruguay,74,1.819639004,2,0,0,0,2020,0
Uzbekistan,105,0,0,0,0,0,2020,0
Venezuela,47,3.989406505,2,0,0,0,2020,7
Vietnam,89,0.68185185,0,0,0,0,2020,0
Yemen,20,6.158683622,3,4,0,1,2020,474
Zambia,105,0,0,0,0,0,2020,0
Zimbabwe,105,0,0,0,0,0,2020,1
Afghanistan,1,9.130088594,889,1499,2341,91,2021,1453
Albania,96,0,0,0,0,0,2021,1
Algeria,40,4.426001614,3,8,6,0,2021,1
Angola,89,0.290978598,0,0,0,0,2021,0
Argentina,57,2.773218736,5,0,0,0,2021,2
Armenia,96,0,0,0,0,0,2021,0
Australia,61,2.434743768,0,0,0,0,2021,1
Austria,53,3.256669844,1,0,0,0,2021,0
Azerbaijan,96,0,0,0,0,0,2021,0
Bahrain,65,2.141691326,1,0,0,0,2021,0
Bangladesh,41,4.405566311,2,6,20,0,2021,10
Belarus,96,0,0,0,0,0,2021,0
Belgium,70,1.742472607,0,0,0,0,2021,2
Benin,51,3.599268308,4,3,11,0,2021,1
Bhutan,96,0,0,0,0,0,2021,0
Bolivia,96,0,0,0,0,0,2021,0
Bosnia and Herzegovina,96,0,0,0,0,0,2021,0
Botswana,96,0,0,0,0,0,2021,0
Brazil,83,0.950071442,0,0,0,0,2021,4
Bulgaria,96,0,0,0,0,0,2021,0
Burkina Faso,4,8.281140305,224,759,239,39,2021,53
Cameroon,12,7.466861111,102,176,135,28,2021,46
Burundi,33,4.716610247,6,5,92,0,2021,6
Canada,48,3.937246861,1,4,1,0,2021,12
Central African Republic,67,1.900142885,1,0,3,0,2021,18
Cambodia,96,0,0,0,0,0,2021,0
Chad,19,6.37022632,5,48,11,0,2021,2
Chile,18,6.534469406,387,1,98,1,2021,45
China,68,1.860827374,0,0,0,0,2021,5
Colombia,14,7.087595426,75,78,195,7,2021,76
Costa Rica,96,0,0,0,0,0,2021,0
Croatia,96,0,0,0,0,0,2021,0
Cuba,96,0,0,0,0,0,2021,0
Cyprus,66,1.928499271,2,0,0,0,2021,0
Denmark,89,0.290978598,0,0,0,0,2021,0
Djibouti,96,0,0,0,0,0,2021,4
Dominican Republic,96,0,0,0,0,0,2021,0
Ecuador,58,2.762650878,0,0,0,0,2021,0
Egypt,15,6.95225716,45,71,36,17,2021,11
El Salvador,96,0,0,0,0,0,2021,1
Equatorial Guinea,96,0,0,0,0,0,2021,0
Eritrea,96,0,0,0,0,0,2021,0
Estonia,96,0,0,0,0,0,2021,2
Eswatini,73,1.520181983,1,0,1,0,2021,0
Ethiopia,49,3.758732761,0,0,0,0,2021,36
Finland,82,1.005883858,0,0,0,0,2021,0
France,36,4.573689235,7,1,0,0,2021,19
Gabon,89,0.290978598,0,0,0,0,2021,0
Georgia,96,0,0,0,0,0,2021,0
Germany,31,4.745360461,20,0,1,0,2021,13
Ghana,96,0,0,0,0,0,2021,1
Greece,29,4.890653177,53,0,2,0,2021,11
Guatemala,96,0,0,0,0,0,2021,1
Guinea,96,0,0,0,0,0,2021,0
Guinea-Bissau,96,0,0,0,0,0,2021,0
Guyana,96,0,0,0,0,0,2021,0
Haiti,96,0,0,0,0,0,2021,0
Honduras,96,0,0,0,0,0,2021,0
Hungary,96,0,0,0,0,0,2021,0
Iceland,96,0,0,0,0,0,2021,0
India,13,7.434093969,165,123,160,1,2021,235
Indonesia,24,5.492046097,16,24,24,4,2021,26
Iran,26,5.143589005,6,3,3,0,2021,4
Iraq,2,8.524011704,873,540,873,32,2021,547
Ireland,86,0.508313379,0,0,0,0,2021,2
Israel,30,4.775262706,18,1,22,0,2021,101
Italy,50,3.681446868,7,0,0,0,2021,3
Jamaica,96,0,0,0,0,0,2021,0
Japan,74,1.458384821,0,0,0,0,2021,0
Jordan,60,2.590686188,0,0,0,0,2021,0
Kazakhstan,96,0,0,0,0,0,2021,0
Kenya,20,6.230671277,29,43,39,5,2021,33
Kosovo,89,0.290978598,0,0,0,0,2021,1
Kuwait,96,0,0,0,0,0,2021,0
Laos,96,0,0,0,0,0,2021,0
Latvia,96,0,0,0,0,0,2021,1
Lebanon,52,3.580201249,1,1,0,0,2021,1
Lesotho,96,0,0,0,0,0,2021,0
Liberia,96,0,0,0,0,0,2021,2
Libya,27,5.123019508,4,5,0,2,2021,8
Lithuania,85,0.826318935,0,0,0,0,2021,0
Madagascar,96,0,0,0,0,0,2021,0
Malawi,96,0,0,0,0,0,2021,0
Malaysia,68,1.860827374,0,0,0,0,2021,0
Mali,7,8.169296986,341,604,561,102,2021,76
Mauritania,86,0.508313379,0,0,0,0,2021,0
Mauritius,96,0,0,0,0,0,2021,0
Mexico,62,2.403101495,0,0,0,0,2021,21
Moldova,96,0,0,0,0,0,2021,0
Montenegro,96,0,0,0,0,0,2021,0
Morocco,79,1.154498636,0,0,0,0,2021,0
Mozambique,11,7.482503539,60,98,6,28,2021,41
Myanmar,10,7.568522367,714,326,268,3,2021,216
Namibia,96,0,0,0,0,0,2021,0
Nepal,34,4.712158282,1,0,8,0,2021,3
Netherlands,59,2.711551239,2,0,0,0,2021,6
New Zealand,42,4.37039631,1,0,6,0,2021,0
Nicaragua,96,0,0,0,0,0,2021,0
Niger,8,7.858589891,76,595,133,34,2021,38
Nigeria,5,8.27004715,214,497,177,50,2021,448
North Korea,96,0,0,0,0,0,2021,0
Norway,80,1.10774172,0,0,0,0,2021,0
Pakistan,9,7.852524248,206,292,549,0,2021,150
Panama,96,0,0,0,0,0,2021,0
Papua New Guinea,96,0,0,0,0,0,2021,0
Paraguay,64,2.148928124,0,0,0,0,2021,3
Peru,38,4.464488185,1,16,0,0,2021,5
Philippines,17,6.786279108,62,51,73,2,2021,104
Poland,96,0,0,0,0,0,2021,0
Portugal,96,0,0,0,0,0,2021,0
Qatar,96,0,0,0,0,0,2021,0
Republic of the Congo,96,0,0,0,0,0,2021,0
Romania,81,1.058311564,0,0,0,0,2021,0
Russia,44,4.218669645,1,2,4,0,2021,0
Rwanda,76,1.24105004,0,0,0,0,2021,1
Saudi Arabia,54,3.106176307,1,0,0,0,2021,94
Senegal,72,1.577856169,0,0,0,0,2021,0
Serbia,96,0,0,0,0,0,2021,1
Sierra Leone,96,0,0,0,0,0,2021,0
Singapore,96,0,0,0,0,0,2021,0
Slovakia,96,0,0,0,0,0,2021,0
Slovenia,96,0,0,0,0,0,2021,0
Somalia,3,8.428536507,332,661,489,14,2021,125
South Africa,76,1.24105004,0,0,0,0,2021,15
South Korea,96,0,0,0,0,0,2021,0
South Sudan,96,0,0,0,0,0,2021,14
Spain,55,2.856596587,0,0,0,0,2021,2
Sri Lanka,25,5.437530877,0,0,0,0,2021,1
Sudan,84,0.890406939,0,0,0,0,2021,13
Sweden,71,1.605312199,0,0,0,0,2021,5
Switzerland,56,2.776712851,2,0,0,0,2021,2
Syria,6,8.261250774,354,494,523,47,2021,144
Taiwan,94,0.226890594,0,0,0,0,2021,0
Tajikistan,47,3.982515694,0,0,0,0,2021,0
Tanzania,35,4.660427709,3,7,6,0,2021,0
Thailand,22,5.726601075,14,7,35,0,2021,27
Togo,76,1.24105004,1,0,0,0,2021,0
Trinidad and Tobago,96,0,0,0,0,0,2021,0
Tunisia,39,4.4570266,4,5,1,0,2021,4
Turkey,23,5.678686082,15,6,7,0,2021,14
Turkmenistan,96,0,0,0,0,0,2021,0
Uganda,45,4.191935142,4,5,41,0,2021,11
Ukraine,63,2.30057195,0,0,0,0,2021,10
United Arab Emirates,96,0,0,0,0,0,2021,0
United Kingdom,37,4.552924387,7,1,1,0,2021,40
Uruguay,75,1.319721733,0,0,0,0,2021,0
Uzbekistan,96,0,0,0,0,0,2021,0
Venezuela,46,3.999640853,4,2,0,12,2021,12
Vietnam,88,0.406455517,0,0,0,0,2021,0
Yemen,21,5.886206547,4,38,17,0,2021,290
Zambia,96,0,0,0,0,0,2021,1
Zimbabwe,96,0,0,0,0,0,2021,0
